listing,seo_title,tags_13,category,attributes,price_gbp
1 Flagship bookkeeping,"UK Sole Trader Bookkeeping Spreadsheet | Self Assessment Tax Tracker Google Sheets & Excel | Self Employed Accounts Template 2026/27","bookkeeping spreadsheet uk;self assessment spreadsheet;sole trader accounts;self employed tax uk;hmrc bookkeeping;income expense tracker;small business spreadsheet;tax return template;google sheets template;excel bookkeeping;making tax digital records;tax year 2026 27;accounts for beginners",Digital > Spreadsheets,"Digital download; Google Sheets + Excel; AI-assisted disclosure if applicable",16.99
2 Tax estimator,"UK Self Assessment Tax Calculator | Self Employed Tax Estimator Spreadsheet | Know What to Set Aside | Google Sheets & Excel","uk tax calculator;self assessment help;self employed tax estimate;tax set aside;sole trader tax;national insurance calculator;freelancer tax uk;tax spreadsheet uk;google sheets calculator;excel tax template;side hustle tax;tax return help;hmrc self employed",Digital > Spreadsheets,Digital download; both formats,9.99
3 Mileage log,"HMRC Mileage Log Spreadsheet | Business Mileage Tracker UK Self Employed | Claim Every Mile | Google Sheets & Excel","mileage log uk;hmrc mileage claim;business mileage tracker;self employed mileage;mileage spreadsheet;45p per mile;tax deductible mileage;sole trader expenses;driving log template;google sheets mileage;excel mileage log;courier mileage;delivery driver log",Digital > Spreadsheets,Digital download; both formats,4.99
4 Freelancer edition,"Freelance Income & Expense Tracker UK | Freelancer Bookkeeping Spreadsheet with Invoice Tracker | Google Sheets & Excel","freelance income tracker;freelancer bookkeeping;invoice tracker;self employed spreadsheet;freelancer accounts uk;side hustle tracker;consultant bookkeeping;va business spreadsheet;income tracker uk;expense tracker business;google sheets bookkeeping;excel template business;late payment tracker",Digital > Spreadsheets,Digital download; both formats,14.99
5 CRM,"Lead Tracker & Simple CRM Spreadsheet | Client Follow Up System for Small Business | Sales Pipeline Google Sheets & Excel","lead tracker;crm spreadsheet;client tracker;sales pipeline template;follow up tracker;small business crm;sales tracker;customer database;freelancer crm;coach client tracker;google sheets crm;excel crm template;client management",Digital > Spreadsheets,Digital download; both formats,14.99
6 Cleaning kit,"Cleaning Business Spreadsheet Kit | Quote Calculator Job Tracker Invoice & Bookkeeping | UK Cleaner Business Forms","cleaning business spreadsheet;cleaning business invoice;cleaning quote template;cleaner bookkeeping;cleaning price list;house cleaning forms;cleaning business kit;job tracker;cleaning business uk;quote calculator;client tracker cleaning;small business template;cleaning business planner",Digital > Spreadsheets,Digital download; both formats,12.99
7 Invoice chase,"Invoice Tracker & Late Payment Chase System | Unpaid Invoice Spreadsheet + Reminder Email Scripts | Google Sheets & Excel","invoice tracker;unpaid invoice;late payment reminder;money owed tracker;invoice log;accounts receivable;payment tracker;small business invoice;chase emails;freelancer invoice;invoice spreadsheet uk;google sheets invoice;cash flow help",Digital > Spreadsheets,Digital download; both formats,9.99
8 Salon kit,"Salon Client Record Cards + Income Tracker | Hairdresser Nail Tech Client Cards Digital | Booking & Money Spreadsheet UK","salon client tracker;hairdresser client cards;client record cards;nail tech forms;salon bookkeeping;beauty business forms;lash tech client card;salon price list;booking tracker;patch test record;salon spreadsheet;mobile hairdresser;beauty business uk",Digital > Spreadsheets,Digital download; both formats,12.99
9 Groomer kit,"Dog Groomer Client Record + Booking + Income Kit | Grooming Business Spreadsheet UK | Pet Client Cards Digital","dog groomer client record;dog grooming forms;groomer booking tracker;pet groomer spreadsheet;grooming business kit;dog groomer uk;client cards pets;vaccination record dog;grooming price list;pet business template;booking spreadsheet;grooming salon forms;dog walker tracker",Digital > Spreadsheets,Digital download; both formats,12.99
10 Starter bundle,"Self Employed Starter Bundle UK | Bookkeeping + Tax Estimator + Mileage Log | Sole Trader Spreadsheet Kit 2026/27","self employed starter kit;sole trader bundle;going self employed;new business kit;bookkeeping bundle;tax spreadsheet bundle;small business bundle;self assessment kit;business spreadsheets uk;starter pack business;first year self employed;hmrc records kit;spreadsheet bundle uk",Digital > Spreadsheets,Digital download; both formats,24.99
